image,label
image_000000.png,label_000000.png
image_000001.png,label_000001.png
image_000002.png,label_000002.png
image_000003.png,label_000003.png
image_000004.png,label_000004.png
image_000005.png,label_000005.png
image_000006.png,label_000006.png
image_000007.png,label_000007.png
image_000008.png,label_000008.png
image_000009.png,label_000009.png
image_000010.png,label_000010.png
image_000011.png,label_000011.png
image_000012.png,label_000012.png
image_000013.png,label_000013.png
image_000014.png,label_000014.png
image_000015.png,label_000015.png
image_000016.png,label_000016.png
